{
  "id": 4,
  "name": "ReminderApplication",
  "uuid": "2b3b9e3e-e156-4ace-bd16-3ad47fd61527",
  "subscriber": {
    "name": "admin",
    "id": 1,
    "tenantId": 0
  },
  "subscribedAPIs": [
    {
      "subscriptionId": 3,
      "tier": {
        "name": "Unlimited",
        "displayName": "Unlimited",
        "requestsPerMin": 0,
        "requestCount": 0,
        "unitTime": 0,
        "timeUnit": "ms",
        "stopOnQuotaReached": true
      },
      "subscriber": {
        "name": "admin",
        "id": 1,
        "tenantId": 0
      },
      "apiId": {
        "providerName": "admin",
        "apiName": "ReminderAPI",
        "version": "1.0.0",
        "id": 0
      },
      "application": {
        "id": 0,
        "name": "ReminderApplication",
        "uuid": "2b3b9e3e-e156-4ace-bd16-3ad47fd61527",
        "subscriber": {
          "name": "admin",
          "id": 1,
          "tenantId": 0
        },
        "subscribedAPIs": [],
        "keys": [],
        "keyManagerWiseOAuthApp": {},
        "applicationAttributes": {},
        "subscriptionCount": 0
      },
      "subStatus": "UNBLOCKED",
      "subCreatedStatus": "SUBSCRIBE",
      "keys": [],
      "uuid": "0a86b1f3-2b23-4138-87c0-790de97dc3aa",
      "isBlocked": false
    }
  ],
  "keys": [],
  "keyManagerWiseOAuthApp": {
    "SANDBOX": {},
    "PRODUCTION": {
      "Resident Key Manager": {
        "clientId": "gkGpRZczJjYOfdf0uAl5E6WfhfEa",
        "clientName": "admin_ReminderApplication_PRODUCTION",
        "callBackURL": "",
        "clientSecret": "UmdJTlYwV0w2U2hCcjhyYzFLMlQ5RkI3SFhZYQ\u003d\u003d",
        "parameters": {
          "grant_types": "client_credentials",
          "redirect_uris": "",
          "additionalProperties": {
            "id_token_expiry_time": 3600,
            "application_access_token_expiry_time": 3600,
            "user_access_token_expiry_time": 3600,
            "refresh_token_expiry_time": 86400
          },
          "client_name": "admin_ReminderApplication_PRODUCTION"
        },
        "isSaasApplication": false,
        "appAttributes": {}
      }
    }
  },
  "tier": "10PerMin",
  "description": "This app is used to send a message to a number with the events",
  "status": "APPROVED",
  "groupId": "",
  "owner": "admin",
  "applicationAttributes": {},
  "tokenType": "JWT",
  "subscriptionCount": 0
}